,ROILabel,Lobular,Gene,Expression,X_position,Y_position,Group,type
1,2,Region 1,ADH1A,0.52273303,26912,24305,Group 1,Zone 3
2,3,Region 1,ADH1A,1.155332597,26867,24276,Group 1,Zone 3
3,4,Region 1,ADH1A,1.334393,26572,23905,Group 1,Zone 2
4,5,Region 1,ADH1A,0.044131449,26008,23308,Group 1,Zone 2
5,6,Region 1,ADH1A,-0.317008924,25778,22864,Group 1,Zone 1
6,7,Region 1,ADH1A,0.54658762,25456,22090,Group 1,Zone 1
7,16,Region 2,ADH1A,0.446639908,27853,44984,Group 1,Zone 3
8,17,Region 2,ADH1A,0.639288368,27733,45350,Group 1,Zone 3
9,18,Region 2,ADH1A,1.257394007,27689,45746,Group 1,Zone 2
10,34,Region 2,ADH1A,0.630229663,27432,46002,Group 1,Zone 2
11,35,Region 2,ADH1A,0.07070365,27068,46387,Group 1,Zone 1
12,36,Region 2,ADH1A,-0.506939773,26783,46709,Group 1,Zone 1
13,37,Region 3,ADH1A,1.784912596,27522,44296,Group 1,Zone 3
14,38,Region 3,ADH1A,2.398186925,27233,44126,Group 1,Zone 2
15,39,Region 3,ADH1A,1.27520946,26877,43945,Group 1,Zone 2
16,40,Region 3,ADH1A,0.187560945,26306,44070,Group 1,Zone 1
17,21,Region 4,ADH1A,0.110561952,16357,48999,Group 1,Zone 3
18,22,Region 4,ADH1A,0.116299132,16216,48941,Group 1,Zone 3
19,23,Region 4,ADH1A,-0.350224176,15924,48753,Group 1,Zone 2
20,24,Region 4,ADH1A,-0.862644923,15654,48634,Group 1,Zone 2
21,25,Region 4,ADH1A,-1.255792721,15394,48608,Group 1,Zone 1
22,26,Region 4,ADH1A,-1.835549842,15021,48429,Group 1,Zone 1
23,28,Region 5,ADH1A,-0.60447183,22433,54552,Group 1,Zone 3
24,29,Region 5,ADH1A,-0.247256896,22806,54453,Group 1,Zone 3
25,30,Region 5,ADH1A,0.098483679,23106,54386,Group 1,Zone 2
26,31,Region 5,ADH1A,-0.101109788,23382,54236,Group 1,Zone 2
27,32,Region 5,ADH1A,-0.362604406,23666,54171,Group 1,Zone 1
28,33,Region 5,ADH1A,-0.365020061,24119,53993,Group 1,Zone 1
29,42,Region 6,ADH1A,-0.708344981,16525,26339,Group 1,Zone 3
30,43,Region 6,ADH1A,-0.558876348,16761,25810,Group 1,Zone 2
31,44,Region 6,ADH1A,-0.941757614,16770,25489,Group 1,Zone 2
32,45,Region 6,ADH1A,-1.6812499,16815,25063,Group 1,Zone 1
33,46,Region 6,ADH1A,-1.919795798,16811,24672,Group 1,Zone 1
34,2,Region 1,ADH1B,0.894321744,26912,24305,Group 1,Zone 3
35,3,Region 1,ADH1B,1.650159037,26867,24276,Group 1,Zone 3
36,4,Region 1,ADH1B,1.265999191,26572,23905,Group 1,Zone 2
37,5,Region 1,ADH1B,0.284360863,26008,23308,Group 1,Zone 2
38,6,Region 1,ADH1B,-0.299579493,25778,22864,Group 1,Zone 1
39,7,Region 1,ADH1B,0.506994721,25456,22090,Group 1,Zone 1
40,16,Region 2,ADH1B,0.966980493,27853,44984,Group 1,Zone 3
41,17,Region 2,ADH1B,0.874573469,27733,45350,Group 1,Zone 3
42,18,Region 2,ADH1B,0.978531371,27689,45746,Group 1,Zone 2
43,34,Region 2,ADH1B,0.662496864,27432,46002,Group 1,Zone 2
44,35,Region 2,ADH1B,0.191767534,27068,46387,Group 1,Zone 1
45,36,Region 2,ADH1B,-0.435147056,26783,46709,Group 1,Zone 1
46,37,Region 3,ADH1B,1.543220263,27522,44296,Group 1,Zone 3
47,38,Region 3,ADH1B,2.121695687,27233,44126,Group 1,Zone 2
48,39,Region 3,ADH1B,1.360517666,26877,43945,Group 1,Zone 2
49,40,Region 3,ADH1B,0.437999961,26306,44070,Group 1,Zone 1
50,21,Region 4,ADH1B,-0.150908514,16357,48999,Group 1,Zone 3
51,22,Region 4,ADH1B,-0.190963978,16216,48941,Group 1,Zone 3
52,23,Region 4,ADH1B,-0.354601417,15924,48753,Group 1,Zone 2
53,24,Region 4,ADH1B,-0.744723007,15654,48634,Group 1,Zone 2
54,25,Region 4,ADH1B,-1.288048985,15394,48608,Group 1,Zone 1
55,26,Region 4,ADH1B,-1.647306132,15021,48429,Group 1,Zone 1
56,28,Region 5,ADH1B,-0.75521816,22433,54552,Group 1,Zone 3
57,29,Region 5,ADH1B,-0.691439925,22806,54453,Group 1,Zone 3
58,30,Region 5,ADH1B,-0.323302264,23106,54386,Group 1,Zone 2
59,31,Region 5,ADH1B,-0.369878385,23382,54236,Group 1,Zone 2
60,32,Region 5,ADH1B,-0.689390575,23666,54171,Group 1,Zone 1
61,33,Region 5,ADH1B,-0.543017352,24119,53993,Group 1,Zone 1
62,42,Region 6,ADH1B,-0.498863189,16525,26339,Group 1,Zone 3
63,43,Region 6,ADH1B,-0.566429616,16761,25810,Group 1,Zone 2
64,44,Region 6,ADH1B,-0.829926258,16770,25489,Group 1,Zone 2
65,45,Region 6,ADH1B,-1.435602137,16815,25063,Group 1,Zone 1
66,46,Region 6,ADH1B,-1.925272423,16811,24672,Group 1,Zone 1
67,2,Region 1,AKR1C1,1.269330789,26912,24305,Group 1,Zone 3
68,3,Region 1,AKR1C1,1.331482874,26867,24276,Group 1,Zone 3
69,4,Region 1,AKR1C1,-0.363456294,26572,23905,Group 1,Zone 2
70,5,Region 1,AKR1C1,-1.194740439,26008,23308,Group 1,Zone 2
71,6,Region 1,AKR1C1,-0.784277707,25778,22864,Group 1,Zone 1
72,7,Region 1,AKR1C1,-0.529195189,25456,22090,Group 1,Zone 1
73,16,Region 2,AKR1C1,1.317239688,27853,44984,Group 1,Zone 3
74,17,Region 2,AKR1C1,0.342228845,27733,45350,Group 1,Zone 3
75,18,Region 2,AKR1C1,0.867931903,27689,45746,Group 1,Zone 2
76,34,Region 2,AKR1C1,0.054775449,27432,46002,Group 1,Zone 2
77,35,Region 2,AKR1C1,-0.347918272,27068,46387,Group 1,Zone 1
78,36,Region 2,AKR1C1,-0.909876713,26783,46709,Group 1,Zone 1
79,37,Region 3,AKR1C1,2.042347354,27522,44296,Group 1,Zone 3
80,38,Region 3,AKR1C1,0.913251132,27233,44126,Group 1,Zone 2
81,39,Region 3,AKR1C1,0.576594001,26877,43945,Group 1,Zone 2
82,40,Region 3,AKR1C1,0.241231706,26306,44070,Group 1,Zone 1
83,21,Region 4,AKR1C1,2.189958557,16357,48999,Group 1,Zone 3
84,22,Region 4,AKR1C1,-0.21584509,16216,48941,Group 1,Zone 3
85,23,Region 4,AKR1C1,-0.034568174,15924,48753,Group 1,Zone 2
86,24,Region 4,AKR1C1,-0.539553869,15654,48634,Group 1,Zone 2
87,25,Region 4,AKR1C1,-0.659973535,15394,48608,Group 1,Zone 1
88,26,Region 4,AKR1C1,-0.76226551,15021,48429,Group 1,Zone 1
89,28,Region 5,AKR1C1,0.444520819,22433,54552,Group 1,Zone 3
90,29,Region 5,AKR1C1,-0.120027292,22806,54453,Group 1,Zone 3
91,30,Region 5,AKR1C1,-0.063054546,23106,54386,Group 1,Zone 2
92,31,Region 5,AKR1C1,0.422508622,23382,54236,Group 1,Zone 2
93,32,Region 5,AKR1C1,0.212745333,23666,54171,Group 1,Zone 1
94,33,Region 5,AKR1C1,0.921020142,24119,53993,Group 1,Zone 1
95,42,Region 6,AKR1C1,-0.601705955,16525,26339,Group 1,Zone 3
96,43,Region 6,AKR1C1,-1.175317912,16761,25810,Group 1,Zone 2
97,44,Region 6,AKR1C1,-1.915963599,16770,25489,Group 1,Zone 2
98,45,Region 6,AKR1C1,-1.286673732,16815,25063,Group 1,Zone 1
99,46,Region 6,AKR1C1,-1.642753389,16811,24672,Group 1,Zone 1
100,2,Region 1,AKR1C2,3.582635975,26912,24305,Group 1,Zone 3
101,3,Region 1,AKR1C2,1.659723391,26867,24276,Group 1,Zone 3
102,4,Region 1,AKR1C2,-0.093809556,26572,23905,Group 1,Zone 2
103,5,Region 1,AKR1C2,-0.925584563,26008,23308,Group 1,Zone 2
104,6,Region 1,AKR1C2,-0.790232084,25778,22864,Group 1,Zone 1
105,7,Region 1,AKR1C2,-0.06507551,25456,22090,Group 1,Zone 1
106,16,Region 2,AKR1C2,1.103946454,27853,44984,Group 1,Zone 3
107,17,Region 2,AKR1C2,-0.262433035,27733,45350,Group 1,Zone 3
108,18,Region 2,AKR1C2,0.075570082,27689,45746,Group 1,Zone 2
109,34,Region 2,AKR1C2,0.000710331,27432,46002,Group 1,Zone 2
110,35,Region 2,AKR1C2,0.29485622,27068,46387,Group 1,Zone 1
111,36,Region 2,AKR1C2,-0.355440604,26783,46709,Group 1,Zone 1
112,37,Region 3,AKR1C2,1.0994095,27522,44296,Group 1,Zone 3
113,38,Region 3,AKR1C2,0.145136719,27233,44126,Group 1,Zone 2
114,39,Region 3,AKR1C2,-0.43408115,26877,43945,Group 1,Zone 2
115,40,Region 3,AKR1C2,-0.557335083,26306,44070,Group 1,Zone 1
116,21,Region 4,AKR1C2,1.324744911,16357,48999,Group 1,Zone 3
117,22,Region 4,AKR1C2,-0.093809556,16216,48941,Group 1,Zone 3
118,23,Region 4,AKR1C2,-0.198159511,15924,48753,Group 1,Zone 2
119,24,Region 4,AKR1C2,-0.557335083,15654,48634,Group 1,Zone 2
120,25,Region 4,AKR1C2,-0.928609199,15394,48608,Group 1,Zone 1
121,26,Region 4,AKR1C2,-0.935414631,15021,48429,Group 1,Zone 1
122,28,Region 5,AKR1C2,0.854413952,22433,54552,Group 1,Zone 3
123,29,Region 5,AKR1C2,-0.535406469,22806,54453,Group 1,Zone 3
124,30,Region 5,AKR1C2,-0.587581446,23106,54386,Group 1,Zone 2
125,31,Region 5,AKR1C2,-0.564896673,23382,54236,Group 1,Zone 2
126,32,Region 5,AKR1C2,-1.219730452,23666,54171,Group 1,Zone 1
127,33,Region 5,AKR1C2,-0.59287456,24119,53993,Group 1,Zone 1
128,42,Region 6,AKR1C2,1.30810941,16525,26339,Group 1,Zone 3
129,43,Region 6,AKR1C2,0.685034314,16761,25810,Group 1,Zone 2
130,44,Region 6,AKR1C2,-0.529357196,16770,25489,Group 1,Zone 2
131,45,Region 6,AKR1C2,-0.831064676,16815,25063,Group 1,Zone 1
132,46,Region 6,AKR1C2,-1.076060223,16811,24672,Group 1,Zone 1
133,2,Region 1,ALDOB,-1.249178811,26912,24305,Group 2,Zone 3
134,3,Region 1,ALDOB,-0.79686513,26867,24276,Group 2,Zone 3
135,4,Region 1,ALDOB,-0.125473396,26572,23905,Group 2,Zone 2
136,5,Region 1,ALDOB,1.643650851,26008,23308,Group 2,Zone 2
137,6,Region 1,ALDOB,1.726306102,25778,22864,Group 2,Zone 1
138,7,Region 1,ALDOB,0.640180718,25456,22090,Group 2,Zone 1
139,16,Region 2,ALDOB,-0.468013825,27853,44984,Group 2,Zone 3
140,17,Region 2,ALDOB,0.166682725,27733,45350,Group 2,Zone 3
141,18,Region 2,ALDOB,0.208895199,27689,45746,Group 2,Zone 2
142,34,Region 2,ALDOB,0.362182172,27432,46002,Group 2,Zone 2
143,35,Region 2,ALDOB,0.015425699,27068,46387,Group 2,Zone 1
144,36,Region 2,ALDOB,-0.418254115,26783,46709,Group 2,Zone 1
145,37,Region 3,ALDOB,-0.663148922,27522,44296,Group 2,Zone 3
146,38,Region 3,ALDOB,0.398200706,27233,44126,Group 2,Zone 2
147,39,Region 3,ALDOB,1.857888264,26877,43945,Group 2,Zone 2
148,40,Region 3,ALDOB,2.834084246,26306,44070,Group 2,Zone 1
149,21,Region 4,ALDOB,-1.224038707,16357,48999,Group 2,Zone 3
150,22,Region 4,ALDOB,-0.928030893,16216,48941,Group 2,Zone 3
151,23,Region 4,ALDOB,-0.882591325,15924,48753,Group 2,Zone 2
152,24,Region 4,ALDOB,-0.43808513,15654,48634,Group 2,Zone 2
153,25,Region 4,ALDOB,-0.143170364,15394,48608,Group 2,Zone 1
154,26,Region 4,ALDOB,0.158979339,15021,48429,Group 2,Zone 1
155,28,Region 5,ALDOB,-1.255685049,22433,54552,Group 2,Zone 3
156,29,Region 5,ALDOB,-0.626453739,22806,54453,Group 2,Zone 3
157,30,Region 5,ALDOB,-0.132187833,23106,54386,Group 2,Zone 2
158,31,Region 5,ALDOB,0.310028166,23382,54236,Group 2,Zone 2
159,32,Region 5,ALDOB,0.855459128,23666,54171,Group 2,Zone 1
160,33,Region 5,ALDOB,1.401046241,24119,53993,Group 2,Zone 1
161,42,Region 6,ALDOB,-1.213472576,16525,26339,Group 2,Zone 3
162,43,Region 6,ALDOB,-0.986534987,16761,25810,Group 2,Zone 2
163,44,Region 6,ALDOB,-0.532243409,16770,25489,Group 2,Zone 2
164,45,Region 6,ALDOB,-0.167789969,16815,25063,Group 2,Zone 1
165,46,Region 6,ALDOB,-0.327791379,16811,24672,Group 2,Zone 1
166,2,Region 1,AOX1,1.164093293,26912,24305,Group 1,Zone 3
167,3,Region 1,AOX1,1.058246692,26867,24276,Group 1,Zone 3
168,4,Region 1,AOX1,0.916213219,26572,23905,Group 1,Zone 2
169,5,Region 1,AOX1,0.420453073,26008,23308,Group 1,Zone 2
170,6,Region 1,AOX1,-0.549355097,25778,22864,Group 1,Zone 1
171,7,Region 1,AOX1,0.294703693,25456,22090,Group 1,Zone 1
172,16,Region 2,AOX1,0.440355852,27853,44984,Group 1,Zone 3
173,17,Region 2,AOX1,0.38878956,27733,45350,Group 1,Zone 3
174,18,Region 2,AOX1,0.684617239,27689,45746,Group 1,Zone 2
175,34,Region 2,AOX1,1.009394415,27432,46002,Group 1,Zone 2
176,35,Region 2,AOX1,-0.061736997,27068,46387,Group 1,Zone 1
177,36,Region 2,AOX1,-0.489646758,26783,46709,Group 1,Zone 1
178,37,Region 3,AOX1,1.704182358,27522,44296,Group 1,Zone 3
179,38,Region 3,AOX1,2.205370535,27233,44126,Group 1,Zone 2
180,39,Region 3,AOX1,1.386642556,26877,43945,Group 1,Zone 2
181,40,Region 3,AOX1,0.103817943,26306,44070,Group 1,Zone 1
182,21,Region 4,AOX1,-0.250813403,16357,48999,Group 1,Zone 3
183,22,Region 4,AOX1,-0.438985138,16216,48941,Group 1,Zone 3
184,23,Region 4,AOX1,0.123720722,15924,48753,Group 1,Zone 2
185,24,Region 4,AOX1,-0.049071592,15654,48634,Group 1,Zone 2
186,25,Region 4,AOX1,-1.555350139,15394,48608,Group 1,Zone 1
187,26,Region 4,AOX1,-2.127102717,15021,48429,Group 1,Zone 1
188,28,Region 5,AOX1,-0.37475344,22433,54552,Group 1,Zone 3
189,29,Region 5,AOX1,-0.310521742,22806,54453,Group 1,Zone 3
190,30,Region 5,AOX1,0.918927235,23106,54386,Group 1,Zone 2
191,31,Region 5,AOX1,-0.576495251,23382,54236,Group 1,Zone 2
192,32,Region 5,AOX1,-0.2091985,23666,54171,Group 1,Zone 1
193,33,Region 5,AOX1,-0.786379109,24119,53993,Group 1,Zone 1
194,42,Region 6,AOX1,-0.562020502,16525,26339,Group 1,Zone 3
195,43,Region 6,AOX1,-0.424510389,16761,25810,Group 1,Zone 2
196,44,Region 6,AOX1,-0.690483898,16770,25489,Group 1,Zone 2
197,45,Region 6,AOX1,-1.222430917,16815,25063,Group 1,Zone 1
198,46,Region 6,AOX1,-2.140672794,16811,24672,Group 1,Zone 1
199,2,Region 1,CRP,-0.97707397,26912,24305,Group 2,Zone 3
200,3,Region 1,CRP,-0.934478006,26867,24276,Group 2,Zone 3
201,4,Region 1,CRP,-0.672086867,26572,23905,Group 2,Zone 2
202,5,Region 1,CRP,0.517192452,26008,23308,Group 2,Zone 2
203,6,Region 1,CRP,1.445216523,25778,22864,Group 2,Zone 1
204,7,Region 1,CRP,-0.007589826,25456,22090,Group 2,Zone 1
205,16,Region 2,CRP,-0.979345755,27853,44984,Group 2,Zone 3
206,17,Region 2,CRP,-0.330183261,27733,45350,Group 2,Zone 3
207,18,Region 2,CRP,-0.362556194,27689,45746,Group 2,Zone 2
208,34,Region 2,CRP,-0.583487261,27432,46002,Group 2,Zone 2
209,35,Region 2,CRP,-0.187060822,27068,46387,Group 2,Zone 1
210,36,Region 2,CRP,-0.553386113,26783,46709,Group 2,Zone 1
211,37,Region 3,CRP,-0.831679746,27522,44296,Group 2,Zone 3
212,38,Region 3,CRP,-0.779996643,27233,44126,Group 2,Zone 2
213,39,Region 3,CRP,0.257641044,26877,43945,Group 2,Zone 2
214,40,Region 3,CRP,0.81990777,26306,44070,Group 2,Zone 1
215,21,Region 4,CRP,-0.864052678,16357,48999,Group 2,Zone 3
216,22,Region 4,CRP,-0.411967512,16216,48941,Group 2,Zone 3
217,23,Region 4,CRP,-0.672086867,15924,48753,Group 2,Zone 2
218,24,Region 4,CRP,-0.515901665,15654,48634,Group 2,Zone 2
219,25,Region 4,CRP,0.4280249,15394,48608,Group 2,Zone 1
220,26,Region 4,CRP,1.207247071,15021,48429,Group 2,Zone 1
221,28,Region 5,CRP,-0.854397593,22433,54552,Group 2,Zone 3
222,29,Region 5,CRP,-0.413671351,22806,54453,Group 2,Zone 3
223,30,Region 5,CRP,0.448470963,23106,54386,Group 2,Zone 2
224,31,Region 5,CRP,0.658611053,23382,54236,Group 2,Zone 2
225,32,Region 5,CRP,1.366272003,23666,54171,Group 2,Zone 1
226,33,Region 5,CRP,3.303536452,24119,53993,Group 2,Zone 1
227,42,Region 6,CRP,-0.962307369,16525,26339,Group 2,Zone 3
228,43,Region 6,CRP,-0.705595692,16761,25810,Group 2,Zone 2
229,44,Region 6,CRP,-0.619267871,16770,25489,Group 2,Zone 2
230,45,Region 6,CRP,1.051061869,16815,25063,Group 2,Zone 1
231,46,Region 6,CRP,1.714990963,16811,24672,Group 2,Zone 1
232,2,Region 1,CXCL14,2.886587776,26912,24305,Group 1,Zone 3
233,3,Region 1,CXCL14,0.931408864,26867,24276,Group 1,Zone 3
234,4,Region 1,CXCL14,0.774168643,26572,23905,Group 1,Zone 2
235,5,Region 1,CXCL14,-0.84905869,26008,23308,Group 1,Zone 2
236,6,Region 1,CXCL14,-0.744231876,25778,22864,Group 1,Zone 1
237,7,Region 1,CXCL14,0.102324062,25456,22090,Group 1,Zone 1
238,16,Region 2,CXCL14,0.17062032,27853,44984,Group 1,Zone 3
239,17,Region 2,CXCL14,1.042588819,27733,45350,Group 1,Zone 3
240,18,Region 2,CXCL14,0.505748468,27689,45746,Group 1,Zone 2
241,34,Region 2,CXCL14,0.280211989,27432,46002,Group 1,Zone 2
242,35,Region 2,CXCL14,0.256387713,27068,46387,Group 1,Zone 1
243,36,Region 2,CXCL14,0.385038803,26783,46709,Group 1,Zone 1
244,37,Region 3,CXCL14,1.803377363,27522,44296,Group 1,Zone 3
245,38,Region 3,CXCL14,0.94570343,27233,44126,Group 1,Zone 2
246,39,Region 3,CXCL14,0.130913193,26877,43945,Group 1,Zone 2
247,40,Region 3,CXCL14,-0.963415215,26306,44070,Group 1,Zone 1
248,21,Region 4,CXCL14,-1.131773431,16357,48999,Group 1,Zone 3
249,22,Region 4,CXCL14,-0.320159765,16216,48941,Group 1,Zone 3
250,23,Region 4,CXCL14,-1.057124033,15924,48753,Group 1,Zone 2
251,24,Region 4,CXCL14,-0.721995885,15654,48634,Group 1,Zone 2
252,25,Region 4,CXCL14,-1.790911732,15394,48608,Group 1,Zone 1
253,26,Region 4,CXCL14,-1.136538287,15021,48429,Group 1,Zone 1
254,28,Region 5,CXCL14,0.04196923,22433,54552,Group 1,Zone 3
255,29,Region 5,CXCL14,-0.172449254,22806,54453,Group 1,Zone 3
256,30,Region 5,CXCL14,-0.131153842,23106,54386,Group 1,Zone 2
257,31,Region 5,CXCL14,-0.602874506,23382,54236,Group 1,Zone 2
258,32,Region 5,CXCL14,-0.645758202,23666,54171,Group 1,Zone 1
259,33,Region 5,CXCL14,-1.006298911,24119,53993,Group 1,Zone 1
260,42,Region 6,CXCL14,1.455542935,16525,26339,Group 1,Zone 3
261,43,Region 6,CXCL14,1.115649931,16761,25810,Group 1,Zone 2
262,44,Region 6,CXCL14,-0.031091883,16770,25489,Group 1,Zone 2
263,45,Region 6,CXCL14,-0.393220877,16815,25063,Group 1,Zone 1
264,46,Region 6,CXCL14,-1.130185146,16811,24672,Group 1,Zone 1
265,2,Region 1,CYP1A2,2.132834994,26912,24305,Group 1,Zone 3
266,3,Region 1,CYP1A2,1.724747043,26867,24276,Group 1,Zone 3
267,4,Region 1,CYP1A2,0.359169413,26572,23905,Group 1,Zone 2
268,5,Region 1,CYP1A2,-0.953381384,26008,23308,Group 1,Zone 2
269,6,Region 1,CYP1A2,-1.056701709,25778,22864,Group 1,Zone 1
270,7,Region 1,CYP1A2,-0.176292272,25456,22090,Group 1,Zone 1
271,16,Region 2,CYP1A2,1.872074173,27853,44984,Group 1,Zone 3
272,17,Region 2,CYP1A2,0.130935361,27733,45350,Group 1,Zone 3
273,18,Region 2,CYP1A2,0.660383694,27689,45746,Group 1,Zone 2
274,34,Region 2,CYP1A2,-0.294645978,27432,46002,Group 1,Zone 2
275,35,Region 2,CYP1A2,-0.178205611,27068,46387,Group 1,Zone 1
276,36,Region 2,CYP1A2,-0.477506553,26783,46709,Group 1,Zone 1
277,37,Region 3,CYP1A2,2.004641257,27522,44296,Group 1,Zone 3
278,38,Region 3,CYP1A2,1.195845379,27233,44126,Group 1,Zone 2
279,39,Region 3,CYP1A2,-0.573993523,26877,43945,Group 1,Zone 2
280,40,Region 3,CYP1A2,-0.967594762,26306,44070,Group 1,Zone 1
281,21,Region 4,CYP1A2,1.223452132,16357,48999,Group 1,Zone 3
282,22,Region 4,CYP1A2,0.321995963,16216,48941,Group 1,Zone 3
283,23,Region 4,CYP1A2,-0.107138721,15924,48753,Group 1,Zone 2
284,24,Region 4,CYP1A2,-0.452633141,15654,48634,Group 1,Zone 2
285,25,Region 4,CYP1A2,-1.083215125,15394,48608,Group 1,Zone 1
286,26,Region 4,CYP1A2,-1.116015229,15021,48429,Group 1,Zone 1
287,28,Region 5,CYP1A2,1.069838316,22433,54552,Group 1,Zone 3
288,29,Region 5,CYP1A2,-0.400972979,22806,54453,Group 1,Zone 3
289,30,Region 5,CYP1A2,-0.478873224,23106,54386,Group 1,Zone 2
290,31,Region 5,CYP1A2,-0.851701064,23382,54236,Group 1,Zone 2
291,32,Region 5,CYP1A2,-1.06654174,23666,54171,Group 1,Zone 1
292,33,Region 5,CYP1A2,-1.004494878,24119,53993,Group 1,Zone 1
293,42,Region 6,CYP1A2,0.708763846,16525,26339,Group 1,Zone 3
294,43,Region 6,CYP1A2,0.243549049,16761,25810,Group 1,Zone 2
295,44,Region 6,CYP1A2,-0.504293304,16770,25489,Group 1,Zone 2
296,45,Region 6,CYP1A2,-0.931241314,16815,25063,Group 1,Zone 1
297,46,Region 6,CYP1A2,-0.972788111,16811,24672,Group 1,Zone 1
298,2,Region 1,CYP2E1,0.850259658,26912,24305,Group 1,Zone 3
299,3,Region 1,CYP2E1,1.314830737,26867,24276,Group 1,Zone 3
300,4,Region 1,CYP2E1,1.158275122,26572,23905,Group 1,Zone 2
301,5,Region 1,CYP2E1,-0.314700818,26008,23308,Group 1,Zone 2
302,6,Region 1,CYP2E1,-0.929275813,25778,22864,Group 1,Zone 1
303,7,Region 1,CYP2E1,0.343851917,25456,22090,Group 1,Zone 1
304,16,Region 2,CYP2E1,1.020732279,27853,44984,Group 1,Zone 3
305,17,Region 2,CYP2E1,0.527898972,27733,45350,Group 1,Zone 3
306,18,Region 2,CYP2E1,0.808936855,27689,45746,Group 1,Zone 2
307,34,Region 2,CYP2E1,0.466749788,27432,46002,Group 1,Zone 2
308,35,Region 2,CYP2E1,-0.090101748,27068,46387,Group 1,Zone 1
309,36,Region 2,CYP2E1,-0.413789902,26783,46709,Group 1,Zone 1
310,37,Region 3,CYP2E1,1.354312213,27522,44296,Group 1,Zone 3
311,38,Region 3,CYP2E1,2.289620675,27233,44126,Group 1,Zone 2
312,39,Region 3,CYP2E1,0.855869282,26877,43945,Group 1,Zone 2
313,40,Region 3,CYP2E1,-0.728956566,26306,44070,Group 1,Zone 1
314,21,Region 4,CYP2E1,0.387615549,16357,48999,Group 1,Zone 3
315,22,Region 4,CYP2E1,0.259364984,16216,48941,Group 1,Zone 3
316,23,Region 4,CYP2E1,0.08028523,15924,48753,Group 1,Zone 2
317,24,Region 4,CYP2E1,-0.260488726,15654,48634,Group 1,Zone 2
318,25,Region 4,CYP2E1,-0.797685166,15394,48608,Group 1,Zone 1
319,26,Region 4,CYP2E1,-1.573140754,15021,48429,Group 1,Zone 1
320,28,Region 5,CYP2E1,0.570934638,22433,54552,Group 1,Zone 3
321,29,Region 5,CYP2E1,0.381192316,22806,54453,Group 1,Zone 3
322,30,Region 5,CYP2E1,0.6342249,23106,54386,Group 1,Zone 2
323,31,Region 5,CYP2E1,0.267030043,23382,54236,Group 1,Zone 2
324,32,Region 5,CYP2E1,-0.476266555,23666,54171,Group 1,Zone 1
325,33,Region 5,CYP2E1,-0.723860801,24119,53993,Group 1,Zone 1
326,42,Region 6,CYP2E1,-0.952699205,16525,26339,Group 1,Zone 3
327,43,Region 6,CYP2E1,-1.15104866,16761,25810,Group 1,Zone 2
328,44,Region 6,CYP2E1,-1.41825518,16770,25489,Group 1,Zone 2
329,45,Region 6,CYP2E1,-1.683020871,16815,25063,Group 1,Zone 1
330,46,Region 6,CYP2E1,-2.058694396,16811,24672,Group 1,Zone 1
331,2,Region 1,CYP3A4,1.69524102,26912,24305,Group 1,Zone 3
332,3,Region 1,CYP3A4,2.317786789,26867,24276,Group 1,Zone 3
333,4,Region 1,CYP3A4,1.299741355,26572,23905,Group 1,Zone 2
334,5,Region 1,CYP3A4,-0.917727898,26008,23308,Group 1,Zone 2
335,6,Region 1,CYP3A4,-0.935822654,25778,22864,Group 1,Zone 1
336,7,Region 1,CYP3A4,-6.53E-05,25456,22090,Group 1,Zone 1
337,16,Region 2,CYP3A4,1.14593593,27853,44984,Group 1,Zone 3
338,17,Region 2,CYP3A4,0.110226569,27733,45350,Group 1,Zone 3
339,18,Region 2,CYP3A4,0.387679492,27689,45746,Group 1,Zone 2
340,34,Region 2,CYP3A4,-0.213755728,27432,46002,Group 1,Zone 2
341,35,Region 2,CYP3A4,-0.475698861,27068,46387,Group 1,Zone 1
342,36,Region 2,CYP3A4,-0.400734872,26783,46709,Group 1,Zone 1
343,37,Region 3,CYP3A4,2.173028742,27522,44296,Group 1,Zone 3
344,38,Region 3,CYP3A4,1.915824711,27233,44126,Group 1,Zone 2
345,39,Region 3,CYP3A4,0.122720567,26877,43945,Group 1,Zone 2
346,40,Region 3,CYP3A4,-0.958225685,26306,44070,Group 1,Zone 1
347,21,Region 4,CYP3A4,0.151586011,16357,48999,Group 1,Zone 3
348,22,Region 4,CYP3A4,0.102902501,16216,48941,Group 1,Zone 3
349,23,Region 4,CYP3A4,0.227411654,15924,48753,Group 1,Zone 2
350,24,Region 4,CYP3A4,-0.36454536,15654,48634,Group 1,Zone 2
351,25,Region 4,CYP3A4,-1.002600919,15394,48608,Group 1,Zone 1
352,26,Region 4,CYP3A4,-1.215860543,15021,48429,Group 1,Zone 1
353,28,Region 5,CYP3A4,0.48892396,22433,54552,Group 1,Zone 3
354,29,Region 5,CYP3A4,-0.173257941,22806,54453,Group 1,Zone 3
355,30,Region 5,CYP3A4,-0.179720353,23106,54386,Group 1,Zone 2
356,31,Region 5,CYP3A4,-0.96598058,23382,54236,Group 1,Zone 2
357,32,Region 5,CYP3A4,-1.210690612,23666,54171,Group 1,Zone 1
358,33,Region 5,CYP3A4,-1.079288218,24119,53993,Group 1,Zone 1
359,42,Region 6,CYP3A4,0.349766671,16525,26339,Group 1,Zone 3
360,43,Region 6,CYP3A4,0.140815323,16761,25810,Group 1,Zone 2
361,44,Region 6,CYP3A4,-0.428307833,16770,25489,Group 1,Zone 2
362,45,Region 6,CYP3A4,-1.050422774,16815,25063,Group 1,Zone 1
363,46,Region 6,CYP3A4,-1.056885187,16811,24672,Group 1,Zone 1
364,2,Region 1,FGA,-1.135488569,26912,24305,Group 2,Zone 3
365,3,Region 1,FGA,-0.70744518,26867,24276,Group 2,Zone 3
366,4,Region 1,FGA,-0.303185226,26572,23905,Group 2,Zone 2
367,5,Region 1,FGA,0.550330369,26008,23308,Group 2,Zone 2
368,6,Region 1,FGA,0.791495566,25778,22864,Group 2,Zone 1
369,7,Region 1,FGA,0.18937146,25456,22090,Group 2,Zone 1
370,16,Region 2,FGA,-0.320365398,27853,44984,Group 2,Zone 3
371,17,Region 2,FGA,0.262767022,27733,45350,Group 2,Zone 3
372,18,Region 2,FGA,0.171256313,27689,45746,Group 2,Zone 2
373,34,Region 2,FGA,0.718450619,27432,46002,Group 2,Zone 2
374,35,Region 2,FGA,-0.109119411,27068,46387,Group 2,Zone 1
375,36,Region 2,FGA,-0.482057692,26783,46709,Group 2,Zone 1
376,37,Region 3,FGA,-0.183449949,27522,44296,Group 2,Zone 3
377,38,Region 3,FGA,0.958213353,27233,44126,Group 2,Zone 2
378,39,Region 3,FGA,2.242109775,26877,43945,Group 2,Zone 2
379,40,Region 3,FGA,2.639006799,26306,44070,Group 2,Zone 1
380,21,Region 4,FGA,-1.009208465,16357,48999,Group 2,Zone 3
381,22,Region 4,FGA,-0.65251538,16216,48941,Group 2,Zone 3
382,23,Region 4,FGA,-0.824550839,15924,48753,Group 2,Zone 2
383,24,Region 4,FGA,-0.668234653,15654,48634,Group 2,Zone 2
384,25,Region 4,FGA,-0.452898149,15394,48608,Group 2,Zone 1
385,26,Region 4,FGA,-0.179300996,15021,48429,Group 2,Zone 1
386,28,Region 5,FGA,-0.951356867,22433,54552,Group 2,Zone 3
387,29,Region 5,FGA,-0.241944343,22806,54453,Group 2,Zone 3
388,30,Region 5,FGA,0.454027911,23106,54386,Group 2,Zone 2
389,31,Region 5,FGA,0.894050671,23382,54236,Group 2,Zone 2
390,32,Region 5,FGA,1.341845414,23666,54171,Group 2,Zone 1
391,33,Region 5,FGA,1.928717735,24119,53993,Group 2,Zone 1
392,42,Region 6,FGA,-1.192113012,16525,26339,Group 2,Zone 3
393,43,Region 6,FGA,-1.10989362,16761,25810,Group 2,Zone 2
394,44,Region 6,FGA,-0.963277802,16770,25489,Group 2,Zone 2
395,45,Region 6,FGA,-0.825368943,16815,25063,Group 2,Zone 1
396,46,Region 6,FGA,-0.829868511,16811,24672,Group 2,Zone 1
397,2,Region 1,FGB,-1.074151465,26912,24305,Group 2,Zone 3
398,3,Region 1,FGB,-0.664253421,26867,24276,Group 2,Zone 3
399,4,Region 1,FGB,-0.268110176,26572,23905,Group 2,Zone 2
400,5,Region 1,FGB,0.926264857,26008,23308,Group 2,Zone 2
401,6,Region 1,FGB,1.123643701,25778,22864,Group 2,Zone 1
402,7,Region 1,FGB,0.29054627,25456,22090,Group 2,Zone 1
403,16,Region 2,FGB,-0.47380236,27853,44984,Group 2,Zone 3
404,17,Region 2,FGB,0.04893038,27733,45350,Group 2,Zone 3
405,18,Region 2,FGB,-0.066700621,27689,45746,Group 2,Zone 2
406,34,Region 2,FGB,0.275053227,27432,46002,Group 2,Zone 2
407,35,Region 2,FGB,-0.243245732,27068,46387,Group 2,Zone 1
408,36,Region 2,FGB,-0.617925445,26783,46709,Group 2,Zone 1
409,37,Region 3,FGB,-0.530484223,27522,44296,Group 2,Zone 3
410,38,Region 3,FGB,0.321431587,27233,44126,Group 2,Zone 2
411,39,Region 3,FGB,1.315429935,26877,43945,Group 2,Zone 2
412,40,Region 3,FGB,2.111948671,26306,44070,Group 2,Zone 1
413,21,Region 4,FGB,-1.272537987,16357,48999,Group 2,Zone 3
414,22,Region 4,FGB,-0.955950886,16216,48941,Group 2,Zone 3
415,23,Region 4,FGB,-0.978951126,15924,48753,Group 2,Zone 2
416,24,Region 4,FGB,-0.55109123,15654,48634,Group 2,Zone 2
417,25,Region 4,FGB,-0.280479418,15394,48608,Group 2,Zone 1
418,26,Region 4,FGB,0.55997406,15021,48429,Group 2,Zone 1
419,28,Region 5,FGB,-0.864453762,22433,54552,Group 2,Zone 3
420,29,Region 5,FGB,-0.014099852,22806,54453,Group 2,Zone 3
421,30,Region 5,FGB,0.590456307,23106,54386,Group 2,Zone 2
422,31,Region 5,FGB,1.102658816,23382,54236,Group 2,Zone 2
423,32,Region 5,FGB,1.810048471,23666,54171,Group 2,Zone 1
424,33,Region 5,FGB,2.605861833,24119,53993,Group 2,Zone 1
425,42,Region 6,FGB,-1.343100609,16525,26339,Group 2,Zone 3
426,43,Region 6,FGB,-1.093977521,16761,25810,Group 2,Zone 2
427,44,Region 6,FGB,-0.872666335,16770,25489,Group 2,Zone 2
428,45,Region 6,FGB,-0.290127931,16815,25063,Group 2,Zone 1
429,46,Region 6,FGB,-0.626138017,16811,24672,Group 2,Zone 1
430,2,Region 1,FGG,-1.118159078,26912,24305,Group 2,Zone 3
431,3,Region 1,FGG,-0.879833733,26867,24276,Group 2,Zone 3
432,4,Region 1,FGG,-0.475512759,26572,23905,Group 2,Zone 2
433,5,Region 1,FGG,0.235302717,26008,23308,Group 2,Zone 2
434,6,Region 1,FGG,0.301338253,25778,22864,Group 2,Zone 1
435,7,Region 1,FGG,-0.212224061,25456,22090,Group 2,Zone 1
436,16,Region 2,FGG,-0.780620407,27853,44984,Group 2,Zone 3
437,17,Region 2,FGG,-0.102555997,27733,45350,Group 2,Zone 3
438,18,Region 2,FGG,-0.305889975,27689,45746,Group 2,Zone 2
439,34,Region 2,FGG,0.194870619,27432,46002,Group 2,Zone 2
440,35,Region 2,FGG,-0.299595797,27068,46387,Group 2,Zone 1
441,36,Region 2,FGG,-0.785101009,26783,46709,Group 2,Zone 1
442,37,Region 3,FGG,-0.631373694,27522,44296,Group 2,Zone 3
443,38,Region 3,FGG,0.251198185,27233,44126,Group 2,Zone 2
444,39,Region 3,FGG,1.445598615,26877,43945,Group 2,Zone 2
445,40,Region 3,FGG,1.891951901,26306,44070,Group 2,Zone 1
446,21,Region 4,FGG,-0.799716305,16357,48999,Group 2,Zone 3
447,22,Region 4,FGG,-0.559043979,16216,48941,Group 2,Zone 3
448,23,Region 4,FGG,-0.45097613,15924,48753,Group 2,Zone 2
449,24,Region 4,FGG,-0.163577527,15654,48634,Group 2,Zone 2
450,25,Region 4,FGG,-0.062017219,15394,48608,Group 2,Zone 1
451,26,Region 4,FGG,0.605592453,15021,48429,Group 2,Zone 1
452,28,Region 5,FGG,-0.613344606,22433,54552,Group 2,Zone 3
453,29,Region 5,FGG,0.429248767,22806,54453,Group 2,Zone 3
454,30,Region 5,FGG,1.341264601,23106,54386,Group 2,Zone 2
455,31,Region 5,FGG,1.710914251,23382,54236,Group 2,Zone 2
456,32,Region 5,FGG,1.820688996,23666,54171,Group 2,Zone 1
457,33,Region 5,FGG,2.685765191,24119,53993,Group 2,Zone 1
458,42,Region 6,FGG,-1.181314227,16525,26339,Group 2,Zone 3
459,43,Region 6,FGG,-1.146109499,16761,25810,Group 2,Zone 2
460,44,Region 6,FGG,-0.977233482,16770,25489,Group 2,Zone 2
461,45,Region 6,FGG,-0.675539626,16815,25063,Group 2,Zone 1
462,46,Region 6,FGG,-0.693995438,16811,24672,Group 2,Zone 1
463,2,Region 1,FGL1,-1.224642661,26912,24305,Group 2,Zone 3
464,3,Region 1,FGL1,-0.892653859,26867,24276,Group 2,Zone 3
465,4,Region 1,FGL1,-0.218130048,26572,23905,Group 2,Zone 2
466,5,Region 1,FGL1,0.678297505,26008,23308,Group 2,Zone 2
467,6,Region 1,FGL1,0.92447197,25778,22864,Group 2,Zone 1
468,7,Region 1,FGL1,0.080197575,25456,22090,Group 2,Zone 1
469,16,Region 2,FGL1,-0.012262318,27853,44984,Group 2,Zone 3
470,17,Region 2,FGL1,0.295889168,27733,45350,Group 2,Zone 3
471,18,Region 2,FGL1,0.405829759,27689,45746,Group 2,Zone 2
472,34,Region 2,FGL1,0.998584352,27432,46002,Group 2,Zone 2
473,35,Region 2,FGL1,0.161822324,27068,46387,Group 2,Zone 1
474,36,Region 2,FGL1,-0.49709888,26783,46709,Group 2,Zone 1
475,37,Region 3,FGL1,-0.485252457,27522,44296,Group 2,Zone 3
476,38,Region 3,FGL1,0.621665821,27233,44126,Group 2,Zone 2
477,39,Region 3,FGL1,1.967824071,26877,43945,Group 2,Zone 2
478,40,Region 3,FGL1,2.478231573,26306,44070,Group 2,Zone 1
479,21,Region 4,FGL1,-1.117880379,16357,48999,Group 2,Zone 3
480,22,Region 4,FGL1,-0.802938869,16216,48941,Group 2,Zone 3
481,23,Region 4,FGL1,-0.780979645,15924,48753,Group 2,Zone 2
482,24,Region 4,FGL1,-0.705133639,15654,48634,Group 2,Zone 2
483,25,Region 4,FGL1,-0.135927425,15394,48608,Group 2,Zone 1
484,26,Region 4,FGL1,0.151276117,15021,48429,Group 2,Zone 1
485,28,Region 5,FGL1,-1.020219617,22433,54552,Group 2,Zone 3
486,29,Region 5,FGL1,-0.443789974,22806,54453,Group 2,Zone 3
487,30,Region 5,FGL1,0.314959021,23106,54386,Group 2,Zone 2
488,31,Region 5,FGL1,0.799362177,23382,54236,Group 2,Zone 2
489,32,Region 5,FGL1,1.480098137,23666,54171,Group 2,Zone 1
490,33,Region 5,FGL1,1.948465281,24119,53993,Group 2,Zone 1
491,42,Region 6,FGL1,-1.370411461,16525,26339,Group 2,Zone 3
492,43,Region 6,FGL1,-1.060092946,16761,25810,Group 2,Zone 2
493,44,Region 6,FGL1,-0.950874698,16770,25489,Group 2,Zone 2
494,45,Region 6,FGL1,-0.763498946,16815,25063,Group 2,Zone 1
495,46,Region 6,FGL1,-0.825187031,16811,24672,Group 2,Zone 1
496,2,Region 1,GADD45G,1.294182011,26912,24305,Group 1,Zone 3
497,3,Region 1,GADD45G,1.371832932,26867,24276,Group 1,Zone 3
498,4,Region 1,GADD45G,2.014070755,26572,23905,Group 1,Zone 2
499,5,Region 1,GADD45G,0.176332299,26008,23308,Group 1,Zone 2
500,6,Region 1,GADD45G,-0.554880537,25778,22864,Group 1,Zone 1
501,7,Region 1,GADD45G,0.304132773,25456,22090,Group 1,Zone 1
502,16,Region 2,GADD45G,-0.02588364,27853,44984,Group 1,Zone 3
503,17,Region 2,GADD45G,-0.163390479,27733,45350,Group 1,Zone 3
504,18,Region 2,GADD45G,-0.114858654,27689,45746,Group 1,Zone 2
505,34,Region 2,GADD45G,-0.182803209,27432,46002,Group 1,Zone 2
506,35,Region 2,GADD45G,-0.836365125,27068,46387,Group 1,Zone 1
507,36,Region 2,GADD45G,-0.816952395,26783,46709,Group 1,Zone 1
508,37,Region 3,GADD45G,1.98495166,27522,44296,Group 1,Zone 3
509,38,Region 3,GADD45G,2.366735353,27233,44126,Group 1,Zone 2
510,39,Region 3,GADD45G,1.354037929,26877,43945,Group 1,Zone 2
511,40,Region 3,GADD45G,0.645473278,26306,44070,Group 1,Zone 1
512,21,Region 4,GADD45G,-0.03882546,16357,48999,Group 1,Zone 3
513,22,Region 4,GADD45G,0.022648185,16216,48941,Group 1,Zone 3
514,23,Region 4,GADD45G,0.970636509,15924,48753,Group 1,Zone 2
515,24,Region 4,GADD45G,-0.152066386,15654,48634,Group 1,Zone 2
516,25,Region 4,GADD45G,-1.360508839,15394,48608,Group 1,Zone 1
517,26,Region 4,GADD45G,-1.423600213,15021,48429,Group 1,Zone 1
518,28,Region 5,GADD45G,-0.629296003,22433,54552,Group 1,Zone 3
519,29,Region 5,GADD45G,-1.095201527,22806,54453,Group 1,Zone 3
520,30,Region 5,GADD45G,-0.575910995,23106,54386,Group 1,Zone 2
521,31,Region 5,GADD45G,-0.135889111,23382,54236,Group 1,Zone 2
522,32,Region 5,GADD45G,-0.397960969,23666,54171,Group 1,Zone 1
523,33,Region 5,GADD45G,-1.024021517,24119,53993,Group 1,Zone 1
524,42,Region 6,GADD45G,-0.543556445,16525,26339,Group 1,Zone 3
525,43,Region 6,GADD45G,0.140742294,16761,25810,Group 1,Zone 2
526,44,Region 6,GADD45G,-0.596941453,16770,25489,Group 1,Zone 2
527,45,Region 6,GADD45G,-0.765185114,16815,25063,Group 1,Zone 1
528,46,Region 6,GADD45G,-1.211677908,16811,24672,Group 1,Zone 1
529,2,Region 1,GLS2,-1.574906172,26912,24305,Group 2,Zone 3
530,3,Region 1,GLS2,-0.867829492,26867,24276,Group 2,Zone 3
531,4,Region 1,GLS2,-1.12591248,26572,23905,Group 2,Zone 2
532,5,Region 1,GLS2,0.845063765,26008,23308,Group 2,Zone 2
533,6,Region 1,GLS2,1.560978904,25778,22864,Group 2,Zone 1
534,7,Region 1,GLS2,-0.643332646,25456,22090,Group 2,Zone 1
535,16,Region 2,GLS2,-0.210248179,27853,44984,Group 2,Zone 3
536,17,Region 2,GLS2,0.063744034,27733,45350,Group 2,Zone 3
537,18,Region 2,GLS2,-0.701666472,27689,45746,Group 2,Zone 2
538,34,Region 2,GLS2,-0.288026614,27432,46002,Group 2,Zone 2
539,35,Region 2,GLS2,0.219300904,27068,46387,Group 2,Zone 1
540,36,Region 2,GLS2,-0.67868648,26783,46709,Group 2,Zone 1
541,37,Region 3,GLS2,-1.498895429,27522,44296,Group 2,Zone 3
542,38,Region 3,GLS2,0.044299425,27233,44126,Group 2,Zone 2
543,39,Region 3,GLS2,0.894559133,26877,43945,Group 2,Zone 2
544,40,Region 3,GLS2,2.202650991,26306,44070,Group 2,Zone 1
545,21,Region 4,GLS2,-1.173640156,16357,48999,Group 2,Zone 3
546,22,Region 4,GLS2,-0.804192591,16216,48941,Group 2,Zone 3
547,23,Region 4,GLS2,-0.881971025,15924,48753,Group 2,Zone 2
548,24,Region 4,GLS2,-0.067065152,15654,48634,Group 2,Zone 2
549,25,Region 4,GLS2,0.021319433,15394,48608,Group 2,Zone 1
550,26,Region 4,GLS2,1.111985212,15021,48429,Group 2,Zone 1
551,28,Region 5,GLS2,-0.954446385,22433,54552,Group 2,Zone 3
552,29,Region 5,GLS2,0.251119354,22806,54453,Group 2,Zone 3
553,30,Region 5,GLS2,-0.708737239,23106,54386,Group 2,Zone 2
554,31,Region 5,GLS2,0.89102375,23382,54236,Group 2,Zone 2
555,32,Region 5,GLS2,1.560978904,23666,54171,Group 2,Zone 1
556,33,Region 5,GLS2,1.87916341,24119,53993,Group 2,Zone 1
557,42,Region 6,GLS2,-0.67868648,16525,26339,Group 2,Zone 3
558,43,Region 6,GLS2,-0.805960282,16761,25810,Group 2,Zone 2
559,44,Region 6,GLS2,0.625869995,16770,25489,Group 2,Zone 2
560,45,Region 6,GLS2,0.793800706,16815,25063,Group 2,Zone 1
561,46,Region 6,GLS2,0.698345354,16811,24672,Group 2,Zone 1
562,2,Region 1,GLUL,3.398149878,26912,24305,Group 1,Zone 3
563,3,Region 1,GLUL,1.171552966,26867,24276,Group 1,Zone 3
564,4,Region 1,GLUL,-0.125077507,26572,23905,Group 1,Zone 2
565,5,Region 1,GLUL,-0.692076123,26008,23308,Group 1,Zone 2
566,6,Region 1,GLUL,-0.738278748,25778,22864,Group 1,Zone 1
567,7,Region 1,GLUL,-0.206394127,25456,22090,Group 1,Zone 1
568,16,Region 2,GLUL,1.889356951,27853,44984,Group 1,Zone 3
569,17,Region 2,GLUL,0.238629559,27733,45350,Group 1,Zone 3
570,18,Region 2,GLUL,0.933886662,27689,45746,Group 1,Zone 2
571,34,Region 2,GLUL,-0.376050167,27432,46002,Group 1,Zone 2
572,35,Region 2,GLUL,-0.457736408,27068,46387,Group 1,Zone 1
573,36,Region 2,GLUL,-0.522789704,26783,46709,Group 1,Zone 1
574,37,Region 3,GLUL,2.105585236,27522,44296,Group 1,Zone 3
575,38,Region 3,GLUL,1.243629061,27233,44126,Group 1,Zone 2
576,39,Region 3,GLUL,-0.400814774,26877,43945,Group 1,Zone 2
577,40,Region 3,GLUL,-0.333913372,26306,44070,Group 1,Zone 1
578,21,Region 4,GLUL,0.718397618,16357,48999,Group 1,Zone 3
579,22,Region 4,GLUL,-0.381594482,16216,48941,Group 1,Zone 3
580,23,Region 4,GLUL,-0.687640671,15924,48753,Group 1,Zone 2
581,24,Region 4,GLUL,-0.76119525,15654,48634,Group 1,Zone 2
582,25,Region 4,GLUL,-0.67248621,15394,48608,Group 1,Zone 1
583,26,Region 4,GLUL,-0.638850699,15021,48429,Group 1,Zone 1
584,28,Region 5,GLUL,0.347298133,22433,54552,Group 1,Zone 3
585,29,Region 5,GLUL,-0.07813564,22806,54453,Group 1,Zone 3
586,30,Region 5,GLUL,-0.616673438,23106,54386,Group 1,Zone 2
587,31,Region 5,GLUL,-0.627762069,23382,54236,Group 1,Zone 2
588,32,Region 5,GLUL,-0.757868661,23666,54171,Group 1,Zone 1
589,33,Region 5,GLUL,-0.66139758,24119,53993,Group 1,Zone 1
590,42,Region 6,GLUL,0.412351429,16525,26339,Group 1,Zone 3
591,43,Region 6,GLUL,-0.41781734,16761,25810,Group 1,Zone 2
592,44,Region 6,GLUL,-0.653635539,16770,25489,Group 1,Zone 2
593,45,Region 6,GLUL,-0.80185356,16815,25063,Group 1,Zone 1
594,46,Region 6,GLUL,-0.848795427,16811,24672,Group 1,Zone 1
595,2,Region 1,HAL,-0.973464382,26912,24305,Group 2,Zone 3
596,3,Region 1,HAL,-0.919864285,26867,24276,Group 2,Zone 3
597,4,Region 1,HAL,-0.714955582,26572,23905,Group 2,Zone 2
598,5,Region 1,HAL,1.19957287,26008,23308,Group 2,Zone 2
599,6,Region 1,HAL,1.436306631,25778,22864,Group 2,Zone 1
600,7,Region 1,HAL,0.041587449,25456,22090,Group 2,Zone 1
601,16,Region 2,HAL,-0.785305709,27853,44984,Group 2,Zone 3
602,17,Region 2,HAL,-0.478780156,27733,45350,Group 2,Zone 3
603,18,Region 2,HAL,-0.391679999,27689,45746,Group 2,Zone 2
604,34,Region 2,HAL,0.55637171,27432,46002,Group 2,Zone 2
605,35,Region 2,HAL,-0.142662884,27068,46387,Group 2,Zone 1
606,36,Region 2,HAL,-0.450863439,26783,46709,Group 2,Zone 1
607,37,Region 3,HAL,-0.854539167,27522,44296,Group 2,Zone 3
608,38,Region 3,HAL,-0.565880313,27233,44126,Group 2,Zone 2
609,39,Region 3,HAL,0.912030685,26877,43945,Group 2,Zone 2
610,40,Region 3,HAL,2.342483265,26306,44070,Group 2,Zone 1
611,21,Region 4,HAL,-1.084572916,16357,48999,Group 2,Zone 3
612,22,Region 4,HAL,-0.989097743,16216,48941,Group 2,Zone 3
613,23,Region 4,HAL,-0.89473924,15924,48753,Group 2,Zone 2
614,24,Region 4,HAL,-0.598263705,15654,48634,Group 2,Zone 2
615,25,Region 4,HAL,0.06615416,15394,48608,Group 2,Zone 1
616,26,Region 4,HAL,0.577588415,15021,48429,Group 2,Zone 1
617,28,Region 5,HAL,-0.998589427,22433,54552,Group 2,Zone 3
618,29,Region 5,HAL,-0.15382957,22806,54453,Group 2,Zone 3
619,30,Region 5,HAL,0.192896055,23106,54386,Group 2,Zone 2
620,31,Region 5,HAL,0.613321813,23382,54236,Group 2,Zone 2
621,32,Region 5,HAL,1.686998749,23666,54171,Group 2,Zone 1
622,33,Region 5,HAL,2.64677548,24119,53993,Group 2,Zone 1
623,42,Region 6,HAL,-0.823830779,16525,26339,Group 2,Zone 3
624,43,Region 6,HAL,-0.731705612,16761,25810,Group 2,Zone 2
625,44,Region 6,HAL,-0.714955582,16770,25489,Group 2,Zone 2
626,45,Region 6,HAL,0.240912808,16815,25063,Group 2,Zone 1
627,46,Region 6,HAL,0.754580401,16811,24672,Group 2,Zone 1
628,2,Region 1,HSD17B13,-0.892701193,26912,24305,Group 2,Zone 3
629,3,Region 1,HSD17B13,-0.774961351,26867,24276,Group 2,Zone 3
630,4,Region 1,HSD17B13,-0.499534219,26572,23905,Group 2,Zone 2
631,5,Region 1,HSD17B13,1.273922161,26008,23308,Group 2,Zone 2
632,6,Region 1,HSD17B13,0.99008504,25778,22864,Group 2,Zone 1
633,7,Region 1,HSD17B13,0.673659213,25456,22090,Group 2,Zone 1
634,16,Region 2,HSD17B13,-0.739218898,27853,44984,Group 2,Zone 3
635,17,Region 2,HSD17B13,0.230032306,27733,45350,Group 2,Zone 3
636,18,Region 2,HSD17B13,-0.142109696,27689,45746,Group 2,Zone 2
637,34,Region 2,HSD17B13,0.673659213,27432,46002,Group 2,Zone 2
638,35,Region 2,HSD17B13,-0.041189831,27068,46387,Group 2,Zone 1
639,36,Region 2,HSD17B13,-0.422793071,26783,46709,Group 2,Zone 1
640,37,Region 3,HSD17B13,-0.982057324,27522,44296,Group 2,Zone 3
641,38,Region 3,HSD17B13,0.774579078,27233,44126,Group 2,Zone 2
642,39,Region 3,HSD17B13,1.734369046,26877,43945,Group 2,Zone 2
643,40,Region 3,HSD17B13,3.030558563,26306,44070,Group 2,Zone 1
644,21,Region 4,HSD17B13,-1.012543533,16357,48999,Group 2,Zone 3
645,22,Region 4,HSD17B13,-0.75288513,16216,48941,Group 2,Zone 3
646,23,Region 4,HSD17B13,-0.499534219,15924,48753,Group 2,Zone 2
647,24,Region 4,HSD17B13,0.243698538,15654,48634,Group 2,Zone 2
648,25,Region 4,HSD17B13,0.014526344,15394,48608,Group 2,Zone 1
649,26,Region 4,HSD17B13,0.15223991,15021,48429,Group 2,Zone 1
650,28,Region 5,HSD17B13,-1.146052105,22433,54552,Group 2,Zone 3
651,29,Region 5,HSD17B13,-0.496380473,22806,54453,Group 2,Zone 3
652,30,Region 5,HSD17B13,0.179572374,23106,54386,Group 2,Zone 2
653,31,Region 5,HSD17B13,0.670505468,23382,54236,Group 2,Zone 2
654,32,Region 5,HSD17B13,1.467351903,23666,54171,Group 2,Zone 1
655,33,Region 5,HSD17B13,1.168797302,24119,53993,Group 2,Zone 1
656,42,Region 6,HSD17B13,-1.08192594,16525,26339,Group 2,Zone 3
657,43,Region 6,HSD17B13,-1.098745918,16761,25810,Group 2,Zone 2
658,44,Region 6,HSD17B13,-0.911623668,16770,25489,Group 2,Zone 2
659,45,Region 6,HSD17B13,-0.866419978,16815,25063,Group 2,Zone 1
660,46,Region 6,HSD17B13,-0.916879911,16811,24672,Group 2,Zone 1
694,2,Region 1,MZT2B,0.567649852,26912,24305,Group 2,Zone 3
695,3,Region 1,MZT2B,0.636776285,26867,24276,Group 2,Zone 3
696,4,Region 1,MZT2B,0.501643857,26572,23905,Group 2,Zone 2
697,5,Region 1,MZT2B,0.711584961,26008,23308,Group 2,Zone 2
698,6,Region 1,MZT2B,1.502638393,25778,22864,Group 2,Zone 1
699,7,Region 1,MZT2B,0.74590695,25456,22090,Group 2,Zone 1
700,16,Region 2,MZT2B,-0.72345225,27853,44984,Group 2,Zone 3
701,17,Region 2,MZT2B,-0.796150539,27733,45350,Group 2,Zone 3
702,18,Region 2,MZT2B,-0.566606543,27689,45746,Group 2,Zone 2
703,34,Region 2,MZT2B,-0.439675843,27432,46002,Group 2,Zone 2
704,35,Region 2,MZT2B,-0.079948104,27068,46387,Group 2,Zone 1
705,36,Region 2,MZT2B,0.382570677,26783,46709,Group 2,Zone 1
706,37,Region 3,MZT2B,-1.102853414,27522,44296,Group 2,Zone 3
707,38,Region 3,MZT2B,-1.667598963,27233,44126,Group 2,Zone 2
708,39,Region 3,MZT2B,-1.523093937,26877,43945,Group 2,Zone 2
709,40,Region 3,MZT2B,-1.039479759,26306,44070,Group 2,Zone 1
710,21,Region 4,MZT2B,-1.231965035,16357,48999,Group 2,Zone 3
711,22,Region 4,MZT2B,-1.072117389,16216,48941,Group 2,Zone 3
712,23,Region 4,MZT2B,-1.335396529,15924,48753,Group 2,Zone 2
713,24,Region 4,MZT2B,-0.957583797,15654,48634,Group 2,Zone 2
714,25,Region 4,MZT2B,-0.385031512,15394,48608,Group 2,Zone 1
715,26,Region 4,MZT2B,0.449183267,15021,48429,Group 2,Zone 1
716,28,Region 5,MZT2B,-0.020087056,22433,54552,Group 2,Zone 3
717,29,Region 5,MZT2B,0.099815607,22806,54453,Group 2,Zone 3
718,30,Region 5,MZT2B,0.180410916,23106,54386,Group 2,Zone 2
719,31,Region 5,MZT2B,0.347041141,23382,54236,Group 2,Zone 2
720,32,Region 5,MZT2B,1.383613176,23666,54171,Group 2,Zone 1
721,33,Region 5,MZT2B,1.807893904,24119,53993,Group 2,Zone 1
722,42,Region 6,MZT2B,-0.241982314,16525,26339,Group 2,Zone 3
723,43,Region 6,MZT2B,0.199164575,16761,25810,Group 2,Zone 2
724,44,Region 6,MZT2B,0.058189085,16770,25489,Group 2,Zone 2
725,45,Region 6,MZT2B,1.171759182,16815,25063,Group 2,Zone 1
726,46,Region 6,MZT2B,2.437181156,16811,24672,Group 2,Zone 1
727,2,Region 1,NAMPT,-0.830811323,26912,24305,Group 2,Zone 3
728,3,Region 1,NAMPT,-0.859651162,26867,24276,Group 2,Zone 3
729,4,Region 1,NAMPT,-0.637043651,26572,23905,Group 2,Zone 2
730,5,Region 1,NAMPT,1.21681728,26008,23308,Group 2,Zone 2
731,6,Region 1,NAMPT,1.444832261,25778,22864,Group 2,Zone 1
732,7,Region 1,NAMPT,0.595859486,25456,22090,Group 2,Zone 1
733,16,Region 2,NAMPT,-0.065654332,27853,44984,Group 2,Zone 3
734,17,Region 2,NAMPT,0.262398842,27733,45350,Group 2,Zone 3
735,18,Region 2,NAMPT,0.69049021,27689,45746,Group 2,Zone 2
736,34,Region 2,NAMPT,0.562513422,27432,46002,Group 2,Zone 2
737,35,Region 2,NAMPT,0.1172984,27068,46387,Group 2,Zone 1
738,36,Region 2,NAMPT,-0.167495015,26783,46709,Group 2,Zone 1
739,37,Region 3,NAMPT,-1.061530038,27522,44296,Group 2,Zone 3
740,38,Region 3,NAMPT,-0.14856887,27233,44126,Group 2,Zone 2
741,39,Region 3,NAMPT,0.815763262,26877,43945,Group 2,Zone 2
742,40,Region 3,NAMPT,2.115358529,26306,44070,Group 2,Zone 1
743,21,Region 4,NAMPT,-1.214741686,16357,48999,Group 2,Zone 3
744,22,Region 4,NAMPT,-1.248988995,16216,48941,Group 2,Zone 3
745,23,Region 4,NAMPT,-0.865959877,15924,48753,Group 2,Zone 2
746,24,Region 4,NAMPT,-0.631636181,15654,48634,Group 2,Zone 2
747,25,Region 4,NAMPT,0.358832056,15394,48608,Group 2,Zone 1
748,26,Region 4,NAMPT,0.195706714,15021,48429,Group 2,Zone 1
749,28,Region 5,NAMPT,-1.043505139,22433,54552,Group 2,Zone 3
750,29,Region 5,NAMPT,-0.624426221,22806,54453,Group 2,Zone 3
751,30,Region 5,NAMPT,-0.482029514,23106,54386,Group 2,Zone 2
752,31,Region 5,NAMPT,0.385869405,23382,54236,Group 2,Zone 2
753,32,Region 5,NAMPT,0.678774025,23666,54171,Group 2,Zone 1
754,33,Region 5,NAMPT,2.911157849,24119,53993,Group 2,Zone 1
755,42,Region 6,NAMPT,-1.397694417,16525,26339,Group 2,Zone 3
756,43,Region 6,NAMPT,-1.052517589,16761,25810,Group 2,Zone 2
757,44,Region 6,NAMPT,-0.720859435,16770,25489,Group 2,Zone 2
758,45,Region 6,NAMPT,0.163261894,16815,25063,Group 2,Zone 1
759,46,Region 6,NAMPT,0.538179807,16811,24672,Group 2,Zone 1
760,2,Region 1,NNMT,-1.379051902,26912,24305,Group 2,Zone 3
761,3,Region 1,NNMT,-0.745783254,26867,24276,Group 2,Zone 3
762,4,Region 1,NNMT,-0.408342611,26572,23905,Group 2,Zone 2
763,5,Region 1,NNMT,1.30609796,26008,23308,Group 2,Zone 2
764,6,Region 1,NNMT,1.363599056,25778,22864,Group 2,Zone 1
765,7,Region 1,NNMT,0.010053521,25456,22090,Group 2,Zone 1
766,16,Region 2,NNMT,-0.45865607,27853,44984,Group 2,Zone 3
767,17,Region 2,NNMT,0.005892257,27733,45350,Group 2,Zone 3
768,18,Region 2,NNMT,0.074742254,27689,45746,Group 2,Zone 2
769,34,Region 2,NNMT,0.411048006,27432,46002,Group 2,Zone 2
770,35,Region 2,NNMT,-0.130672845,27068,46387,Group 2,Zone 1
771,36,Region 2,NNMT,-0.520696727,26783,46709,Group 2,Zone 1
772,37,Region 3,NNMT,-0.911098904,27522,44296,Group 2,Zone 3
773,38,Region 3,NNMT,-0.311876957,27233,44126,Group 2,Zone 2
774,39,Region 3,NNMT,1.623867175,26877,43945,Group 2,Zone 2
775,40,Region 3,NNMT,2.069500668,26306,44070,Group 2,Zone 1
776,21,Region 4,NNMT,-1.002646702,16357,48999,Group 2,Zone 3
777,22,Region 4,NNMT,-1.023831316,16216,48941,Group 2,Zone 3
778,23,Region 4,NNMT,-0.975031044,15924,48753,Group 2,Zone 2
779,24,Region 4,NNMT,-0.650074193,15654,48634,Group 2,Zone 2
780,25,Region 4,NNMT,-0.025506367,15394,48608,Group 2,Zone 1
781,26,Region 4,NNMT,0.075877144,15021,48429,Group 2,Zone 1
782,28,Region 5,NNMT,-1.297339819,22433,54552,Group 2,Zone 3
783,29,Region 5,NNMT,-0.409099205,22806,54453,Group 2,Zone 3
784,30,Region 5,NNMT,0.250271915,23106,54386,Group 2,Zone 2
785,31,Region 5,NNMT,0.893754575,23382,54236,Group 2,Zone 2
786,32,Region 5,NNMT,1.631054812,23666,54171,Group 2,Zone 1
787,33,Region 5,NNMT,2.162561653,24119,53993,Group 2,Zone 1
788,42,Region 6,NNMT,-1.195956307,16525,26339,Group 2,Zone 3
789,43,Region 6,NNMT,-1.119162081,16761,25810,Group 2,Zone 2
790,44,Region 6,NNMT,-0.556634912,16770,25489,Group 2,Zone 2
791,45,Region 6,NNMT,0.766646889,16815,25063,Group 2,Zone 1
792,46,Region 6,NNMT,0.476493332,16811,24672,Group 2,Zone 1
793,2,Region 1,PDCL3,-0.584399679,26912,24305,Group 2,Zone 3
794,3,Region 1,PDCL3,0.614585253,26867,24276,Group 2,Zone 3
795,4,Region 1,PDCL3,-0.087773039,26572,23905,Group 2,Zone 2
796,5,Region 1,PDCL3,-0.75568324,26008,23308,Group 2,Zone 2
797,6,Region 1,PDCL3,0.395457121,25778,22864,Group 2,Zone 1
798,7,Region 1,PDCL3,-0.065764537,25456,22090,Group 2,Zone 1
799,16,Region 2,PDCL3,-1.148008717,27853,44984,Group 2,Zone 3
800,17,Region 2,PDCL3,-1.737453823,27733,45350,Group 2,Zone 3
801,18,Region 2,PDCL3,-1.056147142,27689,45746,Group 2,Zone 2
802,34,Region 2,PDCL3,-0.104040193,27432,46002,Group 2,Zone 2
803,35,Region 2,PDCL3,0.652860909,27068,46387,Group 2,Zone 1
804,36,Region 2,PDCL3,0.340914311,26783,46709,Group 2,Zone 1
805,37,Region 3,PDCL3,-0.992035418,27522,44296,Group 2,Zone 3
806,38,Region 3,PDCL3,-1.627411311,27233,44126,Group 2,Zone 2
807,39,Region 3,PDCL3,-1.359481718,26877,43945,Group 2,Zone 2
808,40,Region 3,PDCL3,-0.964285567,26306,44070,Group 2,Zone 1
809,21,Region 4,PDCL3,-1.101121038,16357,48999,Group 2,Zone 3
810,22,Region 4,PDCL3,-0.647554511,16216,48941,Group 2,Zone 3
811,23,Region 4,PDCL3,-0.793958897,15924,48753,Group 2,Zone 2
812,24,Region 4,PDCL3,-0.175807048,15654,48634,Group 2,Zone 2
813,25,Region 4,PDCL3,0.064372695,15394,48608,Group 2,Zone 1
814,26,Region 4,PDCL3,1.385839726,15021,48429,Group 2,Zone 1
815,28,Region 5,PDCL3,0.352397008,22433,54552,Group 2,Zone 3
816,29,Region 5,PDCL3,0.683481434,22806,54453,Group 2,Zone 3
817,30,Region 5,PDCL3,0.44904304,23106,54386,Group 2,Zone 2
818,31,Region 5,PDCL3,0.652860909,23382,54236,Group 2,Zone 2
819,32,Region 5,PDCL3,1.197332119,23666,54171,Group 2,Zone 1
820,33,Region 5,PDCL3,0.701662371,24119,53993,Group 2,Zone 1
821,42,Region 6,PDCL3,-0.03418712,16525,26339,Group 2,Zone 3
822,43,Region 6,PDCL3,1.055712191,16761,25810,Group 2,Zone 2
823,44,Region 6,PDCL3,0.596404316,16770,25489,Group 2,Zone 2
824,45,Region 6,PDCL3,1.368615681,16815,25063,Group 2,Zone 1
825,46,Region 6,PDCL3,2.723573912,16811,24672,Group 2,Zone 1
892,2,Region 1,SDS,-1.018281202,26912,24305,Group 2,Zone 3
893,3,Region 1,SDS,-1.214486279,26867,24276,Group 2,Zone 3
894,4,Region 1,SDS,-1.08038533,26572,23905,Group 2,Zone 2
895,5,Region 1,SDS,1.848950979,26008,23308,Group 2,Zone 2
896,6,Region 1,SDS,1.569207605,25778,22864,Group 2,Zone 1
897,7,Region 1,SDS,0.133667936,25456,22090,Group 2,Zone 1
898,16,Region 2,SDS,-0.721500412,27853,44984,Group 2,Zone 3
899,17,Region 2,SDS,0.345261647,27733,45350,Group 2,Zone 3
900,18,Region 2,SDS,0.331521795,27689,45746,Group 2,Zone 2
901,34,Region 2,SDS,0.266669697,27432,46002,Group 2,Zone 2
902,35,Region 2,SDS,0.015505214,27068,46387,Group 2,Zone 1
903,36,Region 2,SDS,-0.391194386,26783,46709,Group 2,Zone 1
904,37,Region 3,SDS,-1.346388852,27522,44296,Group 2,Zone 3
905,38,Region 3,SDS,-0.28732111,27233,44126,Group 2,Zone 2
906,39,Region 3,SDS,1.451044883,26877,43945,Group 2,Zone 2
907,40,Region 3,SDS,2.451306062,26306,44070,Group 2,Zone 1
908,21,Region 4,SDS,-1.033669835,16357,48999,Group 2,Zone 3
909,22,Region 4,SDS,-0.96112342,16216,48941,Group 2,Zone 3
910,23,Region 4,SDS,-0.928147777,15924,48753,Group 2,Zone 2
911,24,Region 4,SDS,0.228198113,15654,48634,Group 2,Zone 2
912,25,Region 4,SDS,0.749213276,15394,48608,Group 2,Zone 1
913,26,Region 4,SDS,0.692055495,15021,48429,Group 2,Zone 1
914,28,Region 5,SDS,-1.346388852,22433,54552,Group 2,Zone 3
915,29,Region 5,SDS,-0.680280858,22806,54453,Group 2,Zone 3
916,30,Region 5,SDS,0.159498856,23106,54386,Group 2,Zone 2
917,31,Region 5,SDS,0.878367879,23382,54236,Group 2,Zone 2
918,32,Region 5,SDS,1.205925935,23666,54171,Group 2,Zone 1
919,33,Region 5,SDS,0.997629789,24119,53993,Group 2,Zone 1
920,42,Region 6,SDS,-1.040814558,16525,26339,Group 2,Zone 3
921,43,Region 6,SDS,-0.912759143,16761,25810,Group 2,Zone 2
922,44,Region 6,SDS,-0.142777874,16770,25489,Group 2,Zone 2
923,45,Region 6,SDS,-0.040553379,16815,25063,Group 2,Zone 1
924,46,Region 6,SDS,-0.177951893,16811,24672,Group 2,Zone 1
925,2,Region 1,SLCO1B3,1.118366536,26912,24305,Group 1,Zone 3
926,3,Region 1,SLCO1B3,1.49435987,26867,24276,Group 1,Zone 3
927,4,Region 1,SLCO1B3,0.585709313,26572,23905,Group 1,Zone 2
928,5,Region 1,SLCO1B3,-0.751155875,26008,23308,Group 1,Zone 2
929,6,Region 1,SLCO1B3,-1.286424162,25778,22864,Group 1,Zone 1
930,7,Region 1,SLCO1B3,0.11832871,25456,22090,Group 1,Zone 1
931,16,Region 2,SLCO1B3,0.742373202,27853,44984,Group 1,Zone 3
932,17,Region 2,SLCO1B3,0.571348456,27733,45350,Group 1,Zone 3
933,18,Region 2,SLCO1B3,0.831149406,27689,45746,Group 1,Zone 2
934,34,Region 2,SLCO1B3,0.286742391,27432,46002,Group 1,Zone 2
935,35,Region 2,SLCO1B3,-0.070973489,27068,46387,Group 1,Zone 1
936,36,Region 2,SLCO1B3,0.063496349,26783,46709,Group 1,Zone 1
937,37,Region 3,SLCO1B3,2.510064084,27522,44296,Group 1,Zone 3
938,38,Region 3,SLCO1B3,2.423898945,27233,44126,Group 1,Zone 2
939,39,Region 3,SLCO1B3,0.333741558,26877,43945,Group 1,Zone 2
940,40,Region 3,SLCO1B3,-1.232897334,26306,44070,Group 1,Zone 1
941,21,Region 4,SLCO1B3,0.636625077,16357,48999,Group 1,Zone 3
942,22,Region 4,SLCO1B3,0.833760471,16216,48941,Group 1,Zone 3
943,23,Region 4,SLCO1B3,-0.046168373,15924,48753,Group 1,Zone 2
944,24,Region 4,SLCO1B3,-0.734183953,15654,48634,Group 1,Zone 2
945,25,Region 4,SLCO1B3,-0.957429995,15394,48608,Group 1,Zone 1
946,26,Region 4,SLCO1B3,-1.026623213,15021,48429,Group 1,Zone 1
947,28,Region 5,SLCO1B3,-0.236776105,22433,54552,Group 1,Zone 3
948,29,Region 5,SLCO1B3,-0.633657958,22806,54453,Group 1,Zone 3
949,30,Region 5,SLCO1B3,-0.343829763,23106,54386,Group 1,Zone 2
950,31,Region 5,SLCO1B3,-1.166315181,23382,54236,Group 1,Zone 2
951,32,Region 5,SLCO1B3,-1.131065806,23666,54171,Group 1,Zone 1
952,33,Region 5,SLCO1B3,-1.2798965,24119,53993,Group 1,Zone 1
953,42,Region 6,SLCO1B3,0.538710146,16525,26339,Group 1,Zone 3
954,43,Region 6,SLCO1B3,-0.02266879,16761,25810,Group 1,Zone 2
955,44,Region 6,SLCO1B3,-0.587964323,16770,25489,Group 1,Zone 2
956,45,Region 6,SLCO1B3,-0.543576221,16815,25063,Group 1,Zone 1
957,46,Region 6,SLCO1B3,-1.037067472,16811,24672,Group 1,Zone 1
958,2,Region 1,THBS1,2.696349491,26912,24305,Group 1,Zone 3
959,3,Region 1,THBS1,1.329467865,26867,24276,Group 1,Zone 3
960,4,Region 1,THBS1,0.026310323,26572,23905,Group 1,Zone 2
961,5,Region 1,THBS1,-0.33532386,26008,23308,Group 1,Zone 2
962,6,Region 1,THBS1,-0.972564712,25778,22864,Group 1,Zone 1
963,7,Region 1,THBS1,-0.0660896,25456,22090,Group 1,Zone 1
964,16,Region 2,THBS1,2.043177619,27853,44984,Group 1,Zone 3
965,17,Region 2,THBS1,1.143074916,27733,45350,Group 1,Zone 3
966,18,Region 2,THBS1,1.095281852,27689,45746,Group 1,Zone 2
967,34,Region 2,THBS1,-0.356034188,27432,46002,Group 1,Zone 2
968,35,Region 2,THBS1,0.101186123,27068,46387,Group 1,Zone 1
969,36,Region 2,THBS1,0.359268668,26783,46709,Group 1,Zone 1
970,37,Region 3,THBS1,1.337433375,27522,44296,Group 1,Zone 3
971,38,Region 3,THBS1,-0.660316695,27233,44126,Group 1,Zone 2
972,39,Region 3,THBS1,-0.843523439,26877,43945,Group 1,Zone 2
973,40,Region 3,THBS1,-0.523309912,26306,44070,Group 1,Zone 1
974,21,Region 4,THBS1,-0.609337426,16357,48999,Group 1,Zone 3
975,22,Region 4,THBS1,-0.82122001,16216,48941,Group 1,Zone 3
976,23,Region 4,THBS1,-1.037881899,15924,48753,Group 1,Zone 2
977,24,Region 4,THBS1,-1.131874925,15654,48634,Group 1,Zone 2
978,25,Region 4,THBS1,-1.276847219,15394,48608,Group 1,Zone 1
979,26,Region 4,THBS1,-0.688992533,15021,48429,Group 1,Zone 1
980,28,Region 5,THBS1,0.961461273,22433,54552,Group 1,Zone 3
981,29,Region 5,THBS1,0.129861961,22806,54453,Group 1,Zone 3
982,30,Region 5,THBS1,-0.099544745,23106,54386,Group 1,Zone 2
983,31,Region 5,THBS1,-0.156896422,23382,54236,Group 1,Zone 2
984,32,Region 5,THBS1,0.18880674,23666,54171,Group 1,Zone 1
985,33,Region 5,THBS1,0.631689132,24119,53993,Group 1,Zone 1
986,42,Region 6,THBS1,0.669923583,16525,26339,Group 1,Zone 3
987,43,Region 6,THBS1,0.356082464,16761,25810,Group 1,Zone 2
988,44,Region 6,THBS1,-0.964599201,16770,25489,Group 1,Zone 2
989,45,Region 6,THBS1,-1.515812538,16815,25063,Group 1,Zone 1
990,46,Region 6,THBS1,-1.009206061,16811,24672,Group 1,Zone 1
